지역,업소명,주소,전화전호,주메뉴
천안,고향산장,천안시 동남구 북면 충절로,041-555-9922,생등심
천안,상록쌈밥가든,천안시 동남구 수신면 수신로 644,041-523-3393,쌈밥정식
천안,신통방통,천안시 동남구 풍세로 702,041-567-5233,오리정식
천안,아구드림,천안시 동남구 광풍로 1698,041-566-0607,아구찜
천안,대명가든,천안시 동남구 구성12길 9,041-563-1234,한정식
천안,부자회관,천안시 동남구 구성1길 18,041-567-3030,한정식
천안,이학돌솥삼계탕,천안시 동남구 서부대로 561,041-575-8330,돌솥삼계탕
천안,돈까스클럽신방점,천안시 동남구 서부대로 135,041-573-1110,돈까스
천안,통세골,천안시 동남구 신방남부길 79-17,041-579-3333,오리백숙
천안,홍익돈까스 천안1호점,천안시 동남구 충무로 70,041-572-4011,돈까스
천안,고풍(고기굽는풍경),천안시 동남구 대흥로 336-7,041-566-8293,돼지갈비
천안,씨제이푸드빌㈜빕스,천안시 동남구 만남로 9,041-566-1997,스테이크
천안,아웃백스테이크하우스,천안시 동남구 만남로 18,041-558-0541,스테이크
천안,천진중화요리,천안시 동남구 공고담길 43-5,041-556-3178,코스요리
천안,구름산장,천안시 동남구 호서대길 44,041-522-2929,훈제오리전골
천안,크루즈,천안시 동남구 호서대길 59,041-523-7942,랍스타
천안,금미옥,천안시 동남구 천안천변길 197,041-575-6787,삼계탕
천안,녹원,천안시 동남구 유량로 140,041-555-3531,한정식
천안,누리마루하우스,천안시 동남구 향교1길 104-24,041-556-6600,바베큐
천안,단비,천안시 동남구 벌말2로 120-3,041-564-9282,한우등심
천안,무교동낙지&본초누룽지삼계탕,천안시 동남구 태조산길 195-6,041-562-8877,낙지볶음
천안,능수정,천안시 동남구 청수4로 8,041-520-6392,소고기
천안,신토불이 청당점,천안시 동남구 광풍로 1775,041-553-5292,오리정식
천안,나무마당,천안시 서북구 성거읍 소댕이2길 1-17,041-555-3394,한방샤브
천안,함박미소,천안시 서북구 성거읍 석문길 49,041-562-5050,생삼겹살
천안,후원,천안시 서북구 성구읍 봉주로 210,041-582-5100,한정식
천안,느티나무레스토랑,천안시 서북구 성환읍 연암로 313,041-580-1131,회정식
천안,등촌칼국수성환점,천안시 서북구 성환읍 신선동길 22-1,041-582-8999,버섯매운탕칼국수
천안,청매골화로구이,천안시 서북구 성환읍 신선동길 47,041-585-8592,돼지갈비
천안,호숫가,천안시 서북구 성환읍 성월수향길 258-10,041-582-2925,수육정식
천안,신토불이,천안시 서북구 직산읍 부송로 225,041-584-4477,오리정식
천안,동구밖장작구이,천안시 서북구 두정고5길 34,041-555-8592,바베큐
천안,두정동원,천안시 서북구 늘푸른3길 41,041-556-3737,참치회
천안,려,천안시 서북구 두정로 131,041-568-0002,모듬회
천안,미소가득,천안시 서북구 오성로 95-10,041-579-8292,갈비살
천안,봉평장터두정점,천안시 서북구 노태산로 16,041-555-9955,메밀막국수
천안,아리랑,천안시 서북구 두정중9길 31,041-569-9285,감자탕
천안,연산홍,천안시 서북구 오성8길 36,041-523-9200,소고기등심
천안,옛골토성,천안시 서북구 노태산로 88,041-567-7001,오리바베큐
천안,원미관,천안시 서북구 두정로 142,041-563-9922,한우등심
천안,화로본가,천안시 서북구 원두정8길 40,041-523-8592,한우생등심
천안,망향비빔국수,천안시 서북구 노태산로 57,041-555-3575,비빔국수
천안,가람발할라,천안시 서북구 검은들1길 25,041-555-9669,뷔페
천안,본가장수촌,천안시 서북구 공단로 68,041-552-5222,누룽지백숙
천안,경복궁,천안시 서북구 성정중길 9,041-565-7776,갈비
천안,곰마루,천안시 서북구 개목5길 34,041-577-5959,한정식
천안,두울샤브칼국수,천안시 서북구 도원1길 3,041-575-6070,샤브칼국수
천안,등뼈감자탕,천안시 서북구 서부역3길 28-1,041-572-1518,감자탕
천안,슈엔,천안시 서북구 성정중1길 26-2,041-588-8899,코스요리
천안,착한낙지,천안시 서북구 백석로 214,041-575-7747,낙지덮밥
천안,토마토아저씨,천안시 서북구 서부19길 4,041-573-7009,스파게티
천안,동원참치로데오점,천안시 서북구 미라11길 26,041-578-3737,참치회
천안,모미지,천안시 서북구 서부대로 427,041-592-0020,회정식
천안,미가락,천안시 서북구 미라10길 25,041-552-6363,모듬회
천안,요남자쌍용점,천안시 서북구 미라2길 57,041-579-1123,스테이크
천안,유가네물소리,천안시 서북구 차돌들길 12-8,041-577-4343,오리훈제바베큐
천안,입안행복가마구이,천안시 서북구 서부대로 319-4,041-577-9001,삼겹살
천안,자연채(월남쌈+샤브),천안시 서북구 서부대로 396,041-575-1131,월남쌈등심샤브
천안,정가네맷돌집,천안시 서북구 서부대로 471-14,041-573-4766,순두부찌개
천안,한촌설렁탕,천안시 서북구 미라5길 32,041-571-5871,설렁탕
천안,우정공무원교육원,천안시 동남구 양지말1길 11-14,041-560-5160,집단급식소
공주,매향막국수,공주시 백미고을길 18 ,041-881-3161,"메밀막국수, 메밀냉면"
공주,마곡사서울식당,공주시 사곡면 마곡상가길 10-3,041-841-8016,"더덕정식,산채정식"
공주,추억의삼학,공주시 사곡면 마곡사로 847,041-841-8023,"더덕정식,산채정식"
공주,태화식당,공주시 사곡면 마곡상가길 10,041-841-8020,"더덕정식,산채정식"
공주,민속촌식당,공주시 계룡면 갑사로 476-27,041-857-5144,"더덕구이정식,산채비빔밥"
공주,수정식당,"공주시 계룡면 갑사로 476-16, 1층",041-857-5164,"더덕구이정식,산채비빔밥"
공주,귀빈식당,공주시 사곡면 마곡상가길 12,041-841-8027,"산채정식,찌개류"
공주,금강장어대가,공주시 창벽로 714-4,041-856-7772,"장어구이,참게매운탕"
공주,메아리식당,공주시 계룡면 갑사로 476-11,041-857-0312,"더덕구이정식,산채비빔밥"
공주,대전식당,"공주시 계룡면 갑사로 476-14, 1층",041-857-5145,"더덕구이정식,산채비빔밥"
공주,장순루,공주시 계룡면 마방길 5-12,041-857-5010,"고추짬뽕,탕수육"
공주,어씨네본가,공주시 반포면 창벽로 714,041-852-7372,"장어구이,참게정식"
공주,고향비빔국수,공주시 무령로 485 (신관동),041-858-5730,"비빔국수, 칼국수"
공주,양반찜갈비,공주시 봉산길 20 (중동),041-855-7590,갈비찜
공주,새이학가든,공주시 금강공원길 15-2 (금성동),041-855-7080,"공주국밥,석갈비"
공주,삼대째손두부,공주시 전막3길 28 (신관동),041-853-3339,"순두부, 두부전골"
공주,우보설렁탕,공주시 번영1로 7 (신관동),041-857-6709,설렁탕
공주,하늘마루,공주시 사곡면 마곡사로 740,041-841-8008,"한방오리백숙,돼지두루치기"
공주,도토리묵촌,공주시 관골1길 34-15 (신관동),041-856-6963,"도토리묵밥,도토리전"
공주,중국성,공주시 관골1길 34-6 (신관동),041-856-4525,"자장면,탕수육"
공주,고마나루돌쌈밥,공주시 백미고을길 5-9 (금성동),041-857-9999,"돌쌈밥,쌈정식"
공주,해상공원,공주시 백미고을길 17-14 (금성동),041-857-9595,활어회
공주,가마터도예촌,공주시 반포면 계룡대로 1378,042-825-4242,"비빔밥, 파전"
공주,태극식당,공주시 번영2로 40-11 (신관동),041-854-9269,"막창구이,소곱창"
공주,영상대감,공주시 번영2로 18-5 (신관동),041-858-4141,"소머리국밥,생태찌개"
공주,밤음식전문농가식당,공주시 미나리3길 6-5 (금성동),041-854-8338,"밤된장찌개, 밤피자"
공주,청수회관,공주시 유구읍 중앙2길 45,041-841-4408,"아구찜,돼지갈비"
공주,연기숯불갈비,공주시 번영1로 80 (신관동),041-856-2403,"생갈비,돼지갈비"
공주,고가네칼국수,공주시 제민천3길 56 (중동),041-856-6476,"칼국수,만두,수육"
공주,참나무가든,공주시 의당면 의당로 305,041-854-7101,"곱창전골,돼지갈비"
공주,산성본가,공주시 왕릉로 136 (금성동),041-856-9393,"갈비탕,돼지갈비"
공주,다래원,공주시 백미고을길 5-1 (금성동),041-855-5518,"한정식,간장게장"
공주,한가위,공주시 반포면 동학사1로 212-2,042-825-8995,"한가위정식, 버섯전골"
공주,이뭐꼬,공주시 반포면 계룡대로 1407,042-825-8575,"닭볶음탕,오리훈제"
공주,천하일품,공주시 반포면 왕흥장악로 826,041-855-0288,"닭백숙,오리백숙"
공주,시골풍경꽃게장,공주시 반포면 학봉사기소길 6-9,042-822-0122,"양념게장,간장게장"
공주,주봉마을우렁촌,공주시 이인면 검바위로 712,041-857-0949,우렁쌈밥
공주,유구매운탕,공주시 유구읍 구장터길 8-26,041-841-6667,민물고기매운탕
공주,청벽가든,공주시 반포면 창벽로 750,041-854-7383,"장어구이,참게정식"
공주,미성,공주시 반포면 정광터1길 82-8,041-857-1123,"한정식,오리훈제"
공주,싸리골,공주시 반포면 정광터1길 137,041-856-9300,"게장정식,갈치조림"
공주,차령산맥,공주시 사곡면 마곡사로 850,041-841-2507,"산채정식,더덕정식"
공주,북청가든,"공주시 무령로 466-3 (신관동,,44-3)",041-856-2355,"불고기, 소갈비찜"
공주,한우타운,공주시 번영2로 70 (신관동),041-854-2289,"등심,삼겹살"
공주,도화담,공주시 무릉중말길 6 (무릉동),041-858-0822,간장게장
공주,이학식당,공주시 가구점길 6 (중동),041-855-3202,"따로국밥,석갈비"
공주,머쉬룸식당,공주시 반포면 동학사2로 145,042-825-1375,"버섯전골,산채비빔밥"
공주,파스타부오노공주점,"공주시 공주대학로 78, A동 2층 (신관동)",041-961-9662,"돈까스,스파게티"
공주,케이프타운,공주시 금벽로 537 (신관동),041-857-8757,"안심스테이크,해물스파게티"
공주,대가문,공주시 소학길 5-3 (소학동),041-855-6373,"삼품정식,사품정식"
공주,갑사로가는길,공주시 반포면 왕흥장악로 846,041-853-1300,"장어구이,참게매운탕"
공주,엄마의식탁,공주시 반포면 정광터2길 1,041-881-8212,"연잎밥, 청포밥"
공주,꽃피는산골,공주시 반포면 왕흥장악로 794,041-855-1338,단호박스테이크
공주,여정,공주시 반포면 사봉길 109,042-825-3337,"게장정식,대나무정식"
공주,한우가든정육점식당,공주시 우금티로 158-8 (태봉동),041-855-9800,"등심,생갈비"
공주,영동식당,공주시 제민천1길 7 (봉황동),041-858-3362,"조기찌개,동태찌개"
공주,신흥면옥,공주시 백미고을길 13-2 (금성동),041-853-8200,"칼국수,냉면,보쌈"
공주,햇살치킨,공주시 번영1로 84-10 (신관동),041-855-9288,"치킨, 바비큐"
공주,바람처럼구름처럼,공주시 사곡면 마곡상가길 24,041-841-9994,"산채정식,더덕정식"
공주,북경,공주시 연수원길 12-3 (금흥동),041-881-0097,코스요리 및 면요리
공주,와사비,공주시 번영3로 46 (신관동),041-854-0001,활어회
공주,예가,"공주시 금벽로 535, 2층 (신관동)",041-854-7900,"석갈비,돼지갈비"
공주,들샘,공주시 유구읍 유구외곽로 372,041-841-1365,"장어구이,참게매운탕"
공주,예가촌,공주시 느티나무길 40 (금성동),041-857-3355,"닭백숙, 오리백숙"
공주,연문바지락칼국수,공주시 미나리3길 6-8 (금성동),041-857-0856,"칼국수, 수육"
공주,계룡산묵사랑,공주시 전진배길 389 (신기동),041-855-2032,"검은콩두부,묵밥"
공주,들마루칼국수,공주시 신금1길 48 (신관동),041-858-7227,"칼국수, 수육"
공주,거부네집,공주시 우성면 우성길 134,041-881-6114,"손두부백반,손두부"
공주,장원숯불갈비,공주시 반포면 제석골길 10-14,042-825-1616,"생등심,석갈비"
공주,티케,공주시 반포면 동학사1로 228-1,042-825-6329,"안심스테이크,해물스파게티"
공주,고향손칼국수,공주시 무령로 670 (금흥동),041-853-9566,"들깨수제비,해물칼국수"
공주,청운본가,공주시 번영2로 68-23 (신관동),041-881-9984,"등심,돼지갈비"
공주,자작바위,공주시 반포면 동학사1로 207,042-825-6622,"버섯전골,산채비빔밥"
공주,도덕봉가든,공주시 반포면 동학사1로 159,042-826-6777,"유황오리훈제,손수제비"
공주,용궁칼국수샤브샤브,공주시 번영2로 38 (신관동),041-856-6988,샤브칼국수
공주,들마루,공주시 정안면 정안중앙길 215-54,041-857-5289,"오리장작구이,오리바비큐"
공주,대왕산삼백숙농원,공주시 반포면 사봉길 7,042-825-8334,장뇌산삼백숙
공주,화평동왕냉면,공주시 연수원길 13 (금흥동),041-881-1199,"냉면,갈비찜,갈비탕"
공주,희가,공주시 백미고을길 6 (금성동),041-855-3456,한정식
공주,옥돌돼지갈비,공주시 봉황로 19-6 (봉황동),041-853-8252,"돼지갈비,갈비탕"
공주,마중,공주시 유구읍 유구마곡사로 18,041-841-5588,"오리구이,불고기백반"
공주,공산성부추해물칼국수,공주시 왕릉로 143 (금성동),041-856-2913,"부추칼국수, 만두전골"
공주,맛깔,공주시 제민천3길 58 (중동),041-858-7003,"두부요리, 돈까스"
공주,오리사랑,"공주시 번영1로 157-7 (신관동,(1층))",041-881-5289,"생오리부추구이, 오리훈제"
공주,바다양푼이동태탕,"공주시 전막3길 35-1, 1층 (신관동)",041-858-5259,동태찌개
공주,우송식당,공주시 반포면 동학사1로 138,042-822-8861,동태찌개
보령,지구촌가든,보령시 대해로 409(남곡동),041-935-2456,갈치조림
보령,레스토랑나무내음,보령시 해안로 475(남곡동),041-931-5531,스테이크
보령,신토불이보령점,보령시 여상길 43-8(내항동),041-931-5279,오리고기
보령,연경,보령시 보령북로 60(대천동),041-936-2332,중식코스요리
보령,초담,보령시 수산길 10-3(대천동),041-935-3710,아구찜
보령,한양숯불갈비,보령시 원동1길 53(대천동),041-932-3456,돼지갈비
보령,원조설악추어탕,보령시 행복로 11-1(대천동),041-935-6055,추어탕
보령,샤브향대천점,보령시 보령북로 24(동대동),041-935-0811,월남쌈샤브
보령,황토갈비,보령시 큰오랏6길 69(동대동),041-936-6075,생갈비
보령,별난본감자탕,보령시 한내로터리길 45(동대동),041-931-9200,감자탕
보령,대천아구복전문,보령시 신설1길 37(동대동),041-931-6966,아구찜
보령,궁중수라상,보령시 신설1길 79(동대동),041-932-0708,"간장게장,한정식"
보령,월산숯불갈비,보령시 신설2길 51(동대동),041-936-3773,돼지갈비
보령,신설회관,보령시 신설2길 66(동대동),041-936-2765,소고기
보령,밤낮식당,보령시 원동1길 94(동대동),041-935-4286,갈비
보령,성주산화로구이,보령시 작은오랏3길 46(동대동),041-931-9933,삼겹살
보령,맛나감자탕,보령시 주공로 23(동대동),041-932-1256,감자탕
보령,농어민후계자횟집,보령시 큰오랏1길 80(동대동),041-932-2767,생선회
보령,뜨락우미정,보령시 큰오랏3길 30(동대동),041-931-9966,삼겹살
보령,옛촌참나무장작구이,보령시 큰오랏3길 35(동대동),041-932-5292,모듬장작구이
보령,대화식당,보령시 큰오랏6길 45(동대동),041-932-5109,생선탕
보령,시골돌솥쌈밥,보령시 큰오랏6길 51(동대동),041-935-9315,돌솥쌈밥
보령,한우정,보령시 한내로터리길 45(동대동),041-931-9688,암소꽃등심
보령,세영숯불갈비,보령시 보령남로 9(명천동),041-932-2686,돼지갈비
보령,대명정누룽지백숙,보령시 한내로 154(명천동),041-933-7285,누룽지백숙
보령,미산한우촌가든식당,보령시 미산면 판미로 1497,041-933-4077,양념갈비
보령,대전횟집,보령시 대해로 897-11(신흑동),041-932-6020,생선회
보령,청해회집,보령시 해수욕장4길 100(신흑동),041-933-3111,생선회
보령,조개까는남자,보령시 해수욕장4길 12(신흑동),041-931-2209,생선회
보령,천지회집,보령시 해수욕장4길 42(신흑동),041-933-8833,생선회
보령,모아횟집,보령시 해수욕장4길 92(신흑동),041-934-8186,생선회
보령,동문가든,보령시 오천면 충청수영로 729,041-933-9671,삼계탕
보령,도래죽전문점,보령시 대해로 443(요암동),041-933-8000,"전복죽,백합죽"
보령,해변횟집,보령시 웅천읍 열린바다로 294,041-936-3764,생선회
보령,유성횟집,보령시 웅천읍 열린바다2길 12,041-935-8818,생선회
보령,대해로횟집,보령시 웅천읍 열린바다로 334-15,041-936-3394,생선회
보령,하루,보령시 웅천읍 충서로 896,041-933-2826,삼계탕
보령,한방매실삼겹살,보령시 현대로 29(죽정동),041-934-2736,삼겹살
보령,시월애레스토랑,보령시 천북면 홍보로 1061-166,041-641-0240,돈까스
보령,천북양평해장국,보령시 천북면 홍보로 504-1,041-641-9460,해장국
보령,가든터,보령시 천북면 홍보로 666,041-641-8921,굴밥
보령,화현관광농원,보령시 대청로 401(화산동),041-932-9952,장어구이
아산,시인과 촌장,아산시 음봉면 음봉로 162,041-541-8667,"A정식,피자"
아산,미소야 김밥천국,아산시 온궁로 29-1,041-543-2250,"초밥,우동"
아산,목림정,아산시 번영로69번길 32-8,041-544-3272,"생갈비살,생등심"
아산,황토화로구이,아산시 아산로 7,041-544-8592,"돼지갈비,삼겹살"
아산,어랑,아산시 음봉면 아산온천로 372,041-543-2378,"추어탕,돌솥메밀싹비빔밥"
아산,진미돌생삼겹살,아산시 시민로244번길 7-16,041-533-3166,"돌생삼겹살,생갈비김치찌개"
아산,서천칼국수,아산시 시민로244번길 7-11,041-548-1300,"굴칼국수,굴파전"
아산,태성숯불갈비,아산시 남부로 120,041-532-5004,"돼지갈비,생삼겹살"
아산,설화일식,아산시 배방읍 배방로229번길 30-6,041-549-5525,"설화모듬회,생대구탕"
아산,청지기아구참꽃게,아산시 배방읍 배방로 219-4,041-533-7975,"간장게장,청지기정식"
아산,청정원 참나무장작구이,아산시 배방읍 배방로 295,041-534-9000,"유황오리,통삼겹살"
아산,갈비역,아산시 배방읍 북수로88,041-532-9093,"소갈비,돼지갈비"
아산,놀부부대찌개 배방점,아산시 배방읍 배방로173번길 14-18,041-548-1900,"놀부부대찌개,낙지철판구이"
아산,고가네칼국수,아산시 번영로 83-5,041-549-7799,"칼국수,만두전골"
아산,코리아해장국,아산시 번영로69번길 20-7,041-549-7423,"올갱이해장국,뼈다귀해장국"
아산,하눌소,아산시 충무로 117,041-549-7979,"생등심,점심특선"
아산,밤골생고기,아산시 번영로 119,041-546-5419,"두툼이석갈비,한우곱창냉이전골"
아산,동문장어,아산시 청운로182-26,041-546-4633,"장어구이,장추어죽"
아산,진미황토오리진흙구이,아산시 시민로 463-9,041-533-5292,"황토오리구이,진미오리정식"
아산,선미네,아산시 청운로146번길 17,041-546-4391,"해물갈비매운탕,해물닭볶음탕"
아산,팔도강산 동태찜,아산시 번영로 177-1,041-541-4234,"동태해물찜,동태전골"
아산,통돼지 두루치기 전문점,아산시 시민로 440번길 6(온천동),041-542-2572,"통돼지김치두루치기,삼겹살"
아산,사계절 해물탕,아산시 번영로 124,041-544-1182,"해물탕,우럭매운탕"
아산,신촌옥,아산시 충무로42번길 8-1,041-545-8911,"설렁탕,갈비탕"
아산,가파도,아산시 번영로 200,041-545-8879,"활어회,복탕(참복)"
아산,뼈랑뼈랑,아산시 번영로 193,041-545-9259,"뼈랑해장국,콩나물해장국"
아산,화평동왕냉면황제갈비 아산점,아산시 번영로 213,041-545-3936,"인삼생삼겹살,돼지왕갈비"
아산,로이레스토랑,아산시 번영로 197,041-541-5454,"돈까스,한우안심스테이크"
아산,동양식당,아산시 번영로 207,041-541-0713,한정식
아산,대구명가 명가네,아산시 삼동로40번길 11,041-547-5432,"대구뽈찜,해물찜"
아산,곱창마을,아산시 번영로 216번길 7,041-547-9233,"막창구이,곱창전골"
아산,일오삼갈비마을,아산시 남산로 55,041-542-8782,"돼지갈비,소갈비찜"
아산,온양뚝배기,아산시 온천대로 1502-3,041-533-5689,"콩청국장,고등어조림"
아산,여명회관 한정식,아산시 충무로8번길 16,041-534-7777,"영양돌솥연잎밥,연잎한정식"
아산,은정갈비,아산시 온궁로 5,041-545-5898,"돼지갈비,삼겹살"
아산,천진옛날손짜장,아산시 온천대로 1265,041-542-2225,"쟁반짜장,육해공짬뽕"
아산,가마솥 두부명가,아산시 온주길 6-7,041-541-9789,"두부전골,두부보쌈"
아산,본가은행나무집,아산시 신정로 681,041-541-5292,"오리진흙구이,오리주물럭"
아산,신가네생선구이,아산시 번영로224번길 38,041-543-3792,"모듬생선구이,갈치조림"
아산,일미해장국,아산시 청운로84번길 21-1,041-542-2596,"뼈해장국,선지해장국"
아산,24시뼈다귀감자탕,아산시 시민로292번길 5-9,041-548-9570,"뼈다귀감자탕,뼈다귀전골"
아산,청정황태찜전문점,아산시 시민로292번길 7-12,041-549-4808,"황태찜,황태구이백반"
아산,산마을,아산시 온천대로 1584,041-532-3354,"곤드레정식,곤드레밥"
아산,선비촌보쌈,아산시 온화로 11,041-534-5353,"모듬보쌈,부대모듬전골"
아산,생생고기전문점,아산시 모종남로45번길 11,041-531-9393,"삼겹살,가브리살"
아산,예가레스토랑,아산시 시민로303번길 22,041-548-3096,"안심스테이크,파스타"
아산,홍도횟집,아산시 온천대로1613번길 11,041-545-9238,"활어회(매운탕),아구찜"
아산,둔포갈비,아산시 둔포면 둔포중앙로141,041-532-8595,"돼지갈비,점심쌈밥"
아산,미가정,아산시 둔포면 둔포로 6-11,041-534-0592,"장추어죽,삼색장어구이"
아산,현대생고기,아산시 둔포면 둔포중앙로 180,041-531-3031,"소고기,돼지고기"
아산,참숯골,아산시 둔포면 충무로 1791,041-531-5492,"돼지왕갈비,갈비살"
아산,오리데이,아산시 탕정면 탕정면로 311,041-545-5279,"오리부추로스,오리주물럭"
아산,청풍명월,아산시 배방읍 고불로 76,041-549-9252,"황토솔잎가마구이,신선오리양념구이"
아산,태풍횟집,아산시 온중로 60-13,041-542-0550,"활어회,매운탕"
아산,도네누볏짚삼겹살 아산점,아산시 어의정로 3,041-542-4144,"볏집통삼겹살,도네누왕주물럭"
아산,김밥사랑,아산시 삼동로 24,041-532-8889,"김밥,돈까스"
아산,미셸의 정원,아산시 영인면 월선길 20-42,041-534-2580,"등심돈까스,불고기피자"
아산,궁중화로,아산시 신창면 순천향로15번길 17,041-542-8592,"생등심,돼지갈비"
아산,마포숯불갈비,아산시 신창면 온천대로 822,041-544-6137,"돼지갈비,냉면"
아산,묵은지와 참두부,아산시 영인면 토정로 216,041-542-5404,"묵은지찜,두부전골"
아산,병천본가 순대국밥,아산시 인주면 현대로 1290,041-542-0085,"순대국밥,돼지국밥"
아산,황가네찜세상,아산시 배방읍 모산로 153,041-534-0077,"아구찜,해물뼈찜"
아산,고려옥,아산시 번영로195번길 9,041-545-6254,"꼬리곰탕,우족곰탕"
아산,미성가든,아산시 염치읍 충무로431번길 37,041-545-3650,"장어,어죽"
아산,오리촌,아산시 영인면 영인로 29,041-541-0233,"유황오리모듬구이,유황오리샤브샤브"
아산,현대회관,아산시 충무로8번길 9,041-545-7880,"숯불양념갈비,갈비탕"
아산,소풍,아산시 득산로 25,041-541-6611,"생오리숯불회전구이,능이버섯백숙"
아산,농원정,아산시 실옥로 93,041-531-9782,"오리누룽지백숙,삼계탕"
아산,신흥정육점식당,아산시 도고면 온천대로 170,041-533-8925,"꽃등심,모듬"
아산,짚불과 솔잎,아산시 배방읍 호서로 285,041-534-5392,"짚불삼겹살,솔잎오리진흙구이"
아산,5.5닭갈비,아산시 남부로 121,041-534-2555,"닭갈비,막국수"
아산,온양해물탕,아산시 시민로234번길 4-21,041-534-4900,"해물탕,아구찜"
아산,외암골,아산시 송악면 송악로 827,041-544-4688,"닭볶음탕,콩나물밥"
아산,놀부부대찌개 온천점,아산시 번영로 105-2,041-549-7892,"부대찌개,철판구이"
아산,소담식당,아산시 충무로8번길 9-5,041-549-9222,"대구탕,생태지개"
아산,감꽃마을 토종순대,아산시 시민로244번길 7-10,041-545-4778,"순대국밥,철판볶음"
아산,초사골불타는쭈꾸미,아산시 남부로 121,041-534-4485,"불타는쭈꾸미,불타는낙지"
아산,강릉집,아산시 남부로 120,041-546-3222,"우럭회무침,물회"
아산,대가생고기,아산시 둔포면 충무로 1863,041-534-6686,"소고기등심,돼지갈비"
아산,낙원가든,아산시 음봉면 아산온천로 217-14,041-541-5191,"앉은뱅이갈비탕,소양념갈비"
아산,터줏대감,아산시 탕정면 탕정로 7,041-533-0042,"한우불고기샤브,매콤말이찜"
아산,세시봉,아산시 음봉면 충무로 1143,041-531-2600,"안심스테이크,스파게티"
아산,숲속의 둥지,아산시 음봉면 아산온천로 459-15,041-547-6556,"안심스테이크,돈까스"
아산,착한낙지배방점,아산시 배방읍 북수동로 26,041-541-8833,"낙지볶음,연포탕"
아산,안터덕,아산시 배방읍 갈산교로 14,041-546-5292,"오리정식,훈제1마리"
아산,장수촌 아산점,아산시 장존길 199,041-541-6655,"누룽지닭백숙,누룽지오리백숙"
아산,우남정,아산시 온주길16번길 16,041-548-5409,"한우특수부위,돼지갈비"
아산,돈까스클럽 아산점,아산시 온천대로 1734,041-546-6600,"왕돈까스,화덕피자"
아산,원조설악추어탕아산점,아산시 염치읍 석정길 64,041-533-7273,"추어탕,삼계탕"
아산,영인산마루,아산시 영인면 아산온천로 16-8,041-543-4778,"우렁쌈밥정식,연잎영양밥"
아산,한강,아산시 영인면 영인로 28,041-542-1588,"탕수육,짜장면"
아산,주원오릿대,아산시 무궁화로 44,041-549-9393,"4인코스요리,한방백숙"
아산,신진성아구찜온천점,아산시 번영로 92,041-546-2318,"아구찜,해물찜"
아산,늘봄갈비,아산시 문화로 287,041-532-3636,"생갈비,돼지갈비"
아산,산수갑산,아산시 염치읍 은행나무길215번길 3,041-544-2406,"한우특수부위,한우불고기백반"
아산,둔포막창순대본점,아산시 둔포면 충무로 1750-1,041-532-0276,"막창순대,모듬순대"
아산,강화식당,아산시 탕정면 탕정로 17,041-544-6957,"족탕,족찜"
아산,눈뜬동태입벌린황태,아산시 배방읍 북수동로 27,041-544-5734,"동태탕,동태찜"
아산,공룡고기아산배방점,아산시 배방읍 배방로 37,041-545-0697,"무한리필,갈비탕"
아산,더참맛수육국밥,아산시 배방읍 북수로 71,041-531-9882,"수육국밥,수육보쌈"
아산,망향비빔국수,아산시 염치읍 은행나무길 189,041-545-3575,"비빔국수,잔치국수"
아산,마루샤브,아산시 남부로 292,041-548-2929,"쇠고기샤브,해물샤브"
아산,온양청국장집,아산시 온천대로 1452,041-533-9942,"청국장보쌈정식,청국장"
아산,명성갈비,아산시 온화로15(온천동),041-547-3345,"돼지갈비,소갈비"
아산,킹콩쭈꾸미,아산시 번영로224번길 14,041-547-7946,"쭈꾸미볶음,쭈꾸미양념철판"
아산,양자강,아산시 시민로 364-29,041-548-5339,"짜장면,탕수육"
아산,춘천명동닭갈비,아산시 충무로8번길 11,041-542-2677,"닭갈비,막국수"
아산,자연과사람들,아산시 음봉면 아산온천로 401,041-546-6565,"오리누룽지백숙,오리주물럭"
서산,소청,서산시 대산 충의로 1981(대산리),041-666-5588,"소청정식,사시미"
서산,태능갈비,서산시 대산 가로림로 56-1(대산리),041-681-5252,"모듬생고기,돼지갈비"
서산,바다나라식당,서산시 대산 삼길포1로 161-7(화곡리),041-669-4835,"활어회,매운탕"
서산,삼길포횟집,서산시 대산 삼길포1로 34(화곡리),041-664-8254,"활어회,매운탕"
서산,기꾸,서산시 율지8로 60(동문동),041-669-9800,기꾸정식
서산,거북이횟집,서산시 율지6로 45(동문동),041-668-6116,"광어회,우럭회"
서산,서령산아구,서산시 율지7로 8(동문동),041-669-1508,"아구찜,아구탕"
서산,청도,서산시 율지11로 8(동문동),041-663-6652,"탕수육,짬뽕"
서산,올리찜닭,서산시 율지11로 22(2층)(동문동),041-667-7869,"찜닭,오리바베큐"
서산,등촌샤브칼국수,서산시 율지3로 11(동문동),041-665-8898,버섯매운탕칼국수
서산,신촌설렁탕,서산시 율지19길 33(동문동),041-666-9200,"신촌설렁탕,갈비찜"
서산,서산촌닭,서산시 율지16로 15(동문동),041-669-6122,"토종백숙,삼계탕"
서산,세림정,서산시 율지19길 59(동문동),041-666-0072,한정식
서산,두솔숯불갈비,서산시 율지16로 25(동문동),041-665-1880,숯불갈비
서산,한우와달구지,서산시 율지8로 59(동문동),041-665-3190,"불고기,갈비탕"
서산,현대한우촌,서산시 율지17로 21(동문동),041-665-3271,"생등심,특수구이"
서산,원당골,서산시 율지17로 19(동문동),041-669-2207,"오리한방백숙,오리불고기"
서산,미트데이,서산시 율지3로 26(동문동),041-667-7383,고기부페
서산,한우1번지,서산시 동문동 안견로 110,041-662-2342,"소고기등심구이,갈비탕"
서산,2대째양평해장국,서산시 율지19길 27(동문동),041-664-8037,"해장국,순대국밥"
서산,대양회마트,서산시 시장2로 23(2층)(동문동),041-668-8840,생선회
서산,산아구탕,서산시 율지12길 6,041-666-1508,"아구찜,아구탕"
서산,산해별미,서산시 대사동5로 10(동문동),041-663-7853,"우럭젓국,꽃게탕"
서산,자금성,서산시 서령로 82(동문동),041-681-9639,"자장면,탕수육"
서산,정겨운,서산시 서령로 5-1(동문동),041-665-2653,"생오리주물럭,오리주물럭쌈밥"
서산,동양식당,서산시 고운로 166-4(동문동),041-665-2246,"삼겹살,생고기"
서산,큰마을영양굴밥,서산시 부석 간월도1길 65(간월도리),041-662-2706,영양굴밥
서산,천수만회타운,서산시 부석 천수만로 602(창리),041-664-4800,생선회
서산,해우리횟집,서산시 부석면 간월도1길 111,041-664-9812,"생선회,매운탕"
서산,바위회관,서산시 부석 창리2길 56(창리),041-669-8844,"생선회,매운탕"
서산,수복집,서산시 부석 취평2길 15-10(취평리),041-662-4128,"냉면,비빔냉면"
서산,신부석가든,서산시 부석 취평3길 4,041-669-0688,삼게탕
서산,부석흑콩국수,서산시 부석 무학로 1158(취평리),041-664-9988,혹콩국수
서산,시골풍경,서산시 부석 무학로 745,041-662-8699,"굴찜,두육찜"
서산,안흥일품꽃게장,서산시 동헌로 21-1(석남동),041-681-8601,"간장게장,꽃게탕"
서산,자매곱창,서산시 동서1로 81(석남동),041-667-4566,"곱창구이,곱창전골"
서산,서산꽃게장,서산시 한마음5로 97(석림동),041-665-8829,"간장게장,꽃게탕"
서산,서원생고기,서산시 한마음14로 17(석림동),041-664-1480,"생고기,불고기"
서산,아리랑해물칼국수,서산시 한마음15로 3(석림동),041-667-6786,"해물칼국수,전계탕"
서산,아구마을,서산시 동서1로 67(석림동),041-666-1989,"낙지해물찜,아구찜"
서산,송가네한우탕,서산시 무학로 1897(예천동),041-665-0028,"갈비장국,곰탕"
서산,아담농원,서산시 오남농장2길 46-5,041-665-4050,"백숙,오리탕"
서산,효정가든,서산시 운산 장벌4로 8(용장리),041-663-3554,"생삼겹살,돼지갈비"
서산,운산가든,서산시 운산 장벌7로 49(용장리),041-669-6060,"아구탕,불낙전골"
서산,송호관,서산시 음암 진동길 192-23(부산리),041-664-3141,"오리주물럭,산채정식"
서산,동명반점,서산시 고운로 137(읍내동),041-666-2532,"굴짬뽕,삼선짬뽕"
서산,늘푸른쌈밥,서산시 문화로 61(읍내동),041-667-9289,"생삼겹살,우렁쌈밥"
서산,가야면옥,서산시 명륜1로 40(읍내동),041-668-8123,"갈비,냉면"
서산,방부장일식,서산시 명륜4길 3(읍내동),041-668-4008,"대구탕,참치회"
서산,"잠실감자탕,찜이야기",서산시 호수공원4로 3(읍내동),041-666-0007,"우거지감자탕,해물낙지찜"
서산,해가미,서산시 부춘공원2로 6-3(읍내동),041-667-3097,"회,초밥"
서산,재래식가든,서산시 부춘4로 6(읍내동),041-667-8860,"돌솥정식,제주삼겹살"
서산,영동보쌈꽃게장,서산시 부춘산1로 6(읍내동),041-681-3206,"보쌈,꽃게장"
서산,광명먹거리마당,서산시 부춘4로18(읍내동),041-665-2368,"삼겹살,두부전골"
서산,가야관,서산시 명륜3길 24-35(읍내동),041-667-6681,"한우생고기,한정식"
서산,산수골집,서산시 부춘3로 28-6(읍내동),041-681-3008,"한정식,전계탕"
서산,삼정곱창,서산시 부춘2로 6(읍내동),041-668-2303,"곱창구이,곱창전골"
서산,대도관,서산시 부춘3로 19(읍내동),041-666-0333,"한정식,소고기"
서산,신부영아구,서산시 부춘3로 13(읍내동),041-669-6333,"아구찜,아구탕"
서산,닭익는마을(읍내점),서산시 호수공원11로 33-12(읍내동),041-665-0092,"찜닭,흑미삼계탕"
서산,설악칡냉면,서산시 고운로 43-8(읍내동),041-669-9745,"냉면,돼지갈비"
서산,화평동왕냉면황제갈비,서산시 호수공원5로 9(읍내동),041-667-8080,"갈비,냉면"
서산,왕산포횟집,서산시 지곡 중왕뱃마을길 20(중왕리),041-662-9607,박속낙지탕
서산,황토가든,서산시 지곡 빗돌머리길 2-16(환성리),041-663-8211,"생삼겹살,돼지갈비"
서산,읍성뚝배기부대보쌈,서산시 해미 읍성마을1길 7-7(읍내리),041-688-0020,"부대찌개,보쌈"
서산,유대감생고기정육식당,서산시 율지15로 20(동문동),041-665-7706,"등심, 돼지갈비"
서산,참살이장작구이,서산시 남부순환로 175(장동),041-681-9001,"청국장정식, 오리바베큐"
서산,강미루,서산시 양유정1로 3(읍내동),041-669-4938,"탕수육, 궁보계정"
서산,주)백광소재서산(하)휴게소,서산시 해미 삼송리119,041-688-8814,"백반, 장터국밥"
서산,갈산농장가든,서산시 갈산1길 119(갈산동),041-681-4200,"오리주물럭, 백숙"
서산,황해횟집,서산시 팔봉면 팔봉1로 752-2,041-662-6069,박속낙지탕
서산,서해안해물맛집,서산시 동문동 900 D동,041-665-5466,"해물탕, 찜"
서산,원할머니보쌈서산점,서산시 율지6로 42(동문동),041-666-2251,"보쌈, 족발"
서산,오리지날,서산시 율지15로 17(동문동),041-667-0993,오리코스요리
서산,둥지식당,서산시 인지면 무학로 1494,041-664-6583,"설렁탕, 해장국"
서산,소박한밥상,서산시 인지면 애정리 445-3,041-662-3826,"연잎밥, 깻묵된장찌게"
서산,오리앤닭,서산시 무학로 1210-10(취평리),041-681-5678,"오리백숙,토종닭백숙"
서산,청원꽃게장,서산시 율지8로 80(동문동),041-667-2012,"꽃게장정식,우럭젓국"
서산,두꺼비,서산시 율지6로 53(동문동),041-665-7044,"등갈비찜,곤드레밥"
서산,갈비본가두툼한숯불갈비,서산시 율지19길 74,041-668-4420,"돼지갈비,삼겹살"
논산,태능초가집갈비,논산시 중앙로 398번길 7-7(취암동),041-732-2111,"한우등심,돼지갈비,삼겹살,불고기"
논산,에땅,논산시 가야곡면 산노1길 103-20,041-741-9998,"생선까스,돈까스,치즈이태리돈까스"
논산,별장가든,논산시 가야곡면 탑정로 982-7,041-742-5597,메기?참게?빠가?민물매운탕
논산,뿌리깊은나무,논산시 가야곡면 탑정로 698,041-741-9960,"유황오리훈제,오리스테이크"
논산,레이크힐,논산시 가야곡면 탑정로 872,041-742-7744,"안심스테이크,등심스테이크"
논산,지리산꺼먹돼지,논산시 강경읍 대흥로 5번길 9,041-745-6789,"생삼겹살,돼지갈비,항정살,모듬"
논산,태평식당,논산시 강경읍 옥녀봉로 35번길 9,041-745-0098,"복찜,복탕,아구찜,아구탕"
논산,남촌칼국수,논산시 강경읍 금백로 95,041-745-3216,"해물칼국수,개성보쌈,개성왕만두"
논산,궁중,논산시 강경읍 금백로 91,041-745-4947,"아구찜,시골보리쌈밥정식"
논산,영양불고기,논산시 강경읍 금백로 70,041-745-6216,"명품갈비살,명품등심,매운갈비찜"
논산,충남불고기,논산시 강경읍 금백로 58,041-745-6603,"돼지갈비,한우육회,불고기,버섯전골"
논산,황산옥,논산시 강경읍 금백로 34,041-745-4836,"복탕,아구찜,메기탕,우어회"
논산,명가선운산풍천장어,논산시 부창로 72번길 20(강산동),041-734-9282,"민물풍천장어,장어정식,바다장어"
논산,굴세상논산점,논산시 구르뫼1길 10-22(강산동),041-732-0047,"굴국밥, 굴순두부, 굴버섯돌솥밥"
논산,산아래,논산시 관촉로 31번길 22-6(관촉동),041-735-6009,"오리주물럭,오리훈제, 장어구이"
논산,돌체,논산시 관촉로 3번길 13(관촉동),041-732-3422,"젓갈정식,갈치정식, 한정식,비빔밥"
논산,샘골가든,논산시 광석면 논산평야로 856-6,041-734-1116,삼계탕
논산,채선당,논산시 시민로 266(내동),041-736-9292,"소고기샤브샤브,스폐샬소고기샤브샤브"
논산,유심천,논산시 시민로 248(내동),041-735-6024,"냉면,갈비탕,삼겹살,양념갈비"
논산,무봉리토종순대,논산시 시민로 248(내동),041-736-7337,"찰순대,토종순대국,철판볶음"
논산,함흥면옥,논산시 체육로 29(내동),041-735-5005,"석갈비,냉면,갈비탕,만두,한우수육"
논산,복사랑,논산시 시민로 163(내동),041-732-3052,"복회,복찜,복된장전골,복탕"
논산,사계절설악추어탕,논산시 시민로 37-20(내동),041-741-5117,"추어탕,추어튀김"
논산,개성보쌈,논산시 중앙로 226-1(내동),041-732-5382,"개성보쌈,개성족발,오리훈제보쌈"
논산,샤브한쌈,논산시 중앙로 216(내동),041-736-1513,"소고기샤브월남쌈,샤브한쌈"
논산,㈜두현푸드 현대옥논산점,논산시 시민로 210번길 45(내동),041-735-6588,"전주콩나물국밥,현대옥정찬"
논산,동죽해물칼국수,논산시 시민로 210번길 35-8(내동),041-736-3113,"동죽해물칼국수,한방수육"
논산,좋은이미지,"논산시 시민로 210번길 357-7, 1층(내동)",041-735-7704,"대구탕,홍어탕,수육"
논산,옹기보쌈막국수전문점,논산시 시민로 210번길 48(내동),041-734-5258,"보쌈냉면,생합칼국수,막국수"
논산,완도수산야채막회,논산시 시민로 210번길 46(내동),041-735-3212,"광어야채막회(대,소)"
논산,시골어머니밥상,논산시 시민로194번길22-3(내동),041-733-1064,"백반정식,한방옻닭,백숙,삼계탕"
논산,해오라기,논산시 시민로 194번길 21-24(내동),041-735-3877,"암소한우,삼겹살,오리로스,주물럭"
논산,어전횟집,논산시 시민로 194번길 11-5(내동),041-736-0990,"생선회,참치회,생선초밥,알탕"
논산,장수버섯마을,논산시 시민로 194번길 11-7(내동),041-736-9388,"버섯샤브샤브전골,매운버섯전골"
논산,사랑한소,논산시 시민로 210번길 14-8(내동),041-732-0238,모듬(스페샬/진)한우
논산,호남휴게소식당,논산시 노성면 득안대로 2294,041-733-6630,"순대국,선짓국,우거지국"
논산,돈가우가,논산시 계백로 725(등화동),041-736-3603,"삼겹살,도재갈비,흑염소전골,흑염소수육"
논산,함지박,논산시 계백로 665번길 5(등화동),041-733-5568,"막국수,칡냉면,보쌈"
논산,한스델리논산점,논산시 해월로 167번길 5-1(반월동),041-732-2574,"등심돈까그,토마트스파게티"
논산,잉스힐,논산시 벌곡면 수락계곡2길 63-3,041-733-2639,"안심스테이크,돈가스,낙지볶음"
논산,계룡가든,논산시 벌곡면 대둔로 1283-10,041-734-1919,"토종백숙,한방오리,닭도리탕"
논산,신풍매운탕,논산시 부적면 신풍길 84-15,041-732-7754,"붕어찜,메기매운탕,새우매운탕"
논산,붕어마을,논산시 부적면 신풍길 35,041-733-2308,"붕어찜,쏘가리탕,새우탕,토종백숙"
논산,흥미가든,논산시 대화로 1(부창동),041-736-8844,"생삼겹살,삼계탕,고추장주물럭"
논산,정할머니왕족발보쌈,논산시 부창로 80(부창동),041-732-7825,"족발,막국수, 보쌈"
논산,김재성두부촌,논산시 부창로 76(부창동),041-736-2914,"두부촌정식,해물두부전골,검은콩국수"
논산,밀마루손짜장,논산시 상월면 선비로 1317,041-733-2114,"쟁반자장,육해공짬뽕,야끼짬뽕"
논산,만복정,논산시 상월면 대촌4길 81,041-733-7651,"만복정식,매화정식,란정식"
논산,신동회관,논산시 상월면 백일헌로 999,041-733-9252,"불고기전골,갈비탕,갈비살,육회"
논산,죽천가든,논산시 상월면 계룡산로 383-26,041-732-9765,"한방오리,토종옻닭,옻삼계탕"
논산,물바위송어장,논산시 양촌면 황산벌로 1075-27,041-734-4207,"송어회,송어비빔회"
논산,어린정,논산시 양촌면 황산벌로 813,041-741-6330,"장어구이,장어웰빙딸기양념구이"
논산,이가네숯불갈비,논산시 양촌면 황산벌로 446,041-741-2040,"돼지갈비,삼겹살,제육쌈밥,황태전골"
논산,수궁가든,논산시 연무읍 행정길 18,041-742-4757,한우가마솥소머리국밥.수육
논산,군삼겹,논산시 연무읍 동안로 867,041-742-5400,"군삼겹살,군오리,토시살,전통갈비"
논산,천수한방삼계탕,논산시 연무읍 연무로 202-1,041-741-1315,"한방삼계탕,오리주물럭"
논산,흑돼지수,논산시 연무읍 연무로 214-1,041-741-7676,"흑돼지오겹살,양념갈비,생삼겹살"
논산,보은집,논산시 연무읍 감바위로 30번길 6,041-741-6960,"소갈비찜,장어구이,갈치조림"
논산,지정회관,논산시 연무읍 득안대로 412,041-741-5005,"한우등심,불낙새전골,갈비탕"
논산,한마당,논산시 연무읍 득안대로 442-5,041-742-6990,"한우등심,삼겹살,돼지고기양념"
논산,산애들애,논산시 연산면 황룡재로 64-11,041-733-6337,"바베큐모둠,바베큐한우, 바베큐오리"
논산,대박밥상,논산시 연산면 계백로 1832-4,041-735-3028,"대박밥상정식,황태전골,동태찌개"
논산,계모의행복한밥상,논산시 연산면 화악길 62,041-735-0707,"오계황기탕,오계전복백숙,오계황기보탕"
논산,고향냉면,논산시 은진면 탑정로 590,041-742-3437,"돼지갈비,삼겹살,오리훈제,토종백숙"
논산,들풀밥상,논산시 관촉로 67번길 15(지산동),041-736-0078,"불고기샤브샤브정식,갈비살정식"
논산,팔복정,논산시 관촉로 94번길 34-30(지산동),041-734-5282,"한방옻닭.백숙, 동충하초닭.오리,"
논산,농협목우촌바베큐마을,논산시 관촉로 113-7(지산동),041-733-0058,"등심, 오리바베큐, 모듬바베큐"
논산,제주어장,논산시 중앙로 410번길 13-7(취암동),041-736-7362,"광어회,우럭회,도미회,농어회"
논산,놀부부대찌개철판구이,논산시 중앙로 410번길 13-5(취암동),041-736-3225,"해물부대전골,쭈꾸미삼겹철판구이"
논산,화로구이,논산시 중앙로 410번길 13-12(취암동),041-733-9473,"돼지갈비,삼겹살,항정살,살치살"
논산,소나무,논산시 논산대로 357(취암동),041-735-7191,"소나무한정식,백합한정식,국화한정식"
논산,키즈카페어린왕자,논산시 중앙로 322번길 10(취암동),041-733-1990,"스파게티, 바베큐립, 돈까스"
논산,동해안동태찜,논산시 중앙로 340(취암동),041-733-7181,"동태찜,대구뽈찜,생대구탕,동태탕"
논산,탄불이,논산시 체육로 75-3(취암동),041-734-2081,"연탄불고기쌈밥,오리바베큐쌈밥"
논산,신해미횟집,논산시 계백로 976(취암동),041-735-3409,"생선초밥,알탕,회정식,특정식"
논산,샤브쌈주머니,논산시 계백로 989(취암동),041-734-4100,"소고기샤브월남쌈,샤브왕쌈"
논산,장금이,논산시 체육로 60(취암동),041-732-5209,"단호박바베큐,장금이철판구이,정식"
논산,복있는집,논산시 부창로 100번길 5-2(취암동),041-733-5789,"복불고기,복샤브샤브,복지리,복매운탕"
논산,연산왕막국수,논산시 연산면 신암길 4-1,041-734-8210,"막국수,홍어회막국수,온막국수"
논산,루체,논산시 가야곡면 탑정로 840,041-741-7202,"스테이크,돈까스,파스타"
논산,명가오리천국,논산시 연무읍 안심로 152,041-742-0550,"한방오리,오리주물럭,오리로스"
논산,연산순대마을,논산시 연산면 선비로 112,041-735-0563,"순대국밥,순대전골,순대모듬"
논산,조선옥,논산시 연무읍 연무로 201-1,041-742-2560,"돼지갈비,생삼겹살,한우등심"
논산,스크린,논산시 연무읍 연무로 214-1,041-741-4200,"안심스테이크,치즈햄버거스테이크"
논산,오리와십리,논산시 가야곡면 탑정로 926,041-741-1476,"유황음양곽백숙,유황오리주물럭"
논산,윤대감네,논산시 연무읍 득안대로 391,041-741-4848,"한우암소등심,양념갈비"
논산,신샘골가든앤크레이지덕,논산시 관촉로 287(취암동),041-733-3368,"녹두삼계탕,단호박삼계탕"
논산,외길,논산시 중앙로398번길 13-3(취암동),041-733-3003,"한우꽃등심,한우불고기,생삼겹살"
논산,모리화,논산시 벌곡면 수락로 46-1,041-734-9408,"자장면,짬뽕,탕수육,쟁반자장"
논산,참치21,논산시 중앙로410번길7-2(취암동),041-736-9995,"참치특초밥,모듬생선초밥"
논산,제주흑도야지,논산시 중앙로398번길8(취암동),041-733-6235,"제주흑돼지,삼겹살,갈비"
논산,시골마을,논산시 광석면 사계로 435,041-733-0168,"청국장,바지락손두부,해물칼국수"
논산,삼오정,논산시 강경읍 대흥로 43,041-745-4466,"돌솥밥,갈비탕,돼지갈비,삼겹살"
논산,부창손칼국수보쌈,논산시 부창로 76-1(부창동),041-735-9992,"검은콩국수,팥칼국수,해물칼국수"
논산,초원우렁쌈밥,논산시 논산대로269-24(내동),041-735-2244,"우렁쌈장정식,우렁쌈장"
논산,봉황순대,논산시 시민로210번길 37(내동),041-736-1192,"순대국밥,철판볶음,모듬순대"
논산,화평동쌈밥,논산시 체육로 72-1(취암동),041-734-8895,"오리생구이,훈제,주물럭,삼겹살"
논산,싸리집,논산시 계백로 791(등화동),041-733-7701,"유기농우렁쌈밥,돌솥쌈밥정식"
논산,남천동조방낙지,논산시 시민로194번길 36(내동),041-736-0938,"낙지불고기,게낙찜,아낙찜,게낙탕"
논산,송락촌,논산시 관촉로1번길 18-5(관촉동),041-732-1391,"옻닭,옻오리,닭백숙,오리백숙"
논산,들풀오리마을,논산시 관촉로 67번길 13(지산동),041-732-9257,"누룽지토종닭백숙,누룽지오리백숙"
논산,이대로짬뽕,논산시 연산면계백로2574,041-736-8464,"자장면,짬뽕,탕수육"
계룡,향적산 묵식당,계룡시 엄사면 광석향한길 223,042-841-5557,"한방오리,닭도리탕,묵무침,묵밥"
계룡,놀부 부대식당,계룡시 엄사면 전원로 5-4,042-841-2606,"놀부 부대찌게,해물부대찌게"
계룡,토담,계룡시 엄사면 번영11길 25,042-841-0330,"훈제오리,오리주물럭,한방백숙"
계룡,신도리 한우촌,계룡시 엄사면 번영11길 4-57,042-841-7748,"곰탕,꽃등심,냉면"
계룡,국사봉,계룡시 엄사면 번영8길 4-3,042-841-9440,한정식
계룡,회동,계룡시 엄사면 연화동길 19,042-841-1254,"전복삼계탕,전복죽,전복 혜천탕"
계룡,계룡면옥,계룡시 새터산길 4(금암동),042-841-4134,"냉면,갈비탕,돼지갈비"
계룡,터전,계룡시 장안2길 13(금암동),042-840-9421,"터전정식,대구지리,삼겹살"
계룡,계룡회타운,계룡시 엄사면 엄사중앙로 5,042-840-6161,"삼겹살숙주볶음,적된장삼겹구이"
계룡,맛나 감자탕,계룡시 금암로 142(금암동),042-840-7770,"감자탕,해물뼈찜"
계룡,용인 토종순대,계룡시 엄사면 번영7길 8,042-841-1668,"순대국,철판볶음,모듬순대"
계룡,제주뜰향갈치,계룡시 서금암2길 18(금암동),042-841-7770,"갈치조림,고등어조림,활어회"
계룡,콩밭가인,계룡시 새터산길 12(금암동),042-841-6776,"두부보쌈,청국장,메로전골"
계룡,신도스시,계룡시 장안로 31(금암동),042-551-5678,"모듬회,신도정식"
계룡,신도안 오리,계룡시 장안로 31(금암동),042-551-5292,"한방혜천탕,황제탕"
계룡,우가옥,계룡시 계룡대로 307(금암동),042-840-8700,"갈비탕,갈비찜,백숙"
계룡,예사랑 막국수,계룡시 계룡대로 263(금암동),042-841-7171,"막국수,족발,만두"
계룡,아빠의 주방,계룡시 장안2길 17(금암동),042-841-4502,"까르보나라,생등심스테이크"
계룡,샤브마름,계룡시 서금암2길 15(금암동),042-841-0222,월남쌈샤브
계룡,미르,계룡시 엄사면 전원로 5-11,042-841-4995,"돈까스,스파게티, 스테이크"
당진,한촌설렁탕당진점,당진시 계성2길 11,041-353-8080,설렁탕
당진,놀부보쌈&부대찌개,당진시 계성3길 38,041-354-2216,부대찌개
당진,고맛참,당진시 계성3길 44-47,041-357-5665,꽃게장
당진,여물한우정육식당,당진시 계성3길 54,041-356-5615,생고기
당진,명장화로,당진시 계성3길 9-26,041-357-5006,돼지갈비
당진,대흥각,당진시 고대면 고대로 32,041-353-4285,중화요리
당진,동가,당진시 고재봉길 14-5,041-355-0445,한정식
당진,해송,당진시 교동2길 83-15,041-357-0333,활어회
당진,차리인동네,당진시 구봉로 101-3,041-357-2427,오리매생이백숙
당진,생선구이집,당진시 당진중앙1로 240,041-352-8292,생선구이
당진,대금,당진시 당진중앙2로 211-50,041-355-7462,돼지갈비
당진,장어나라,당진시 당진중앙2로 236,041-356-9222,장어구이
당진,동경일식,당진시 당진중앙2로 236,041-354-1414,활어회
당진,백년회관,당진시 당진중앙2로 53-10,041-357-1114,정식
당진,남원골추어탕,당진시 먹거리길 10-25,041-357-3737,추어탕
당진,원할머니보쌈,당진시 먹거리길 103,041-357-5757,보쌈
당진,담쟝동치미냉면,당진시 먹거리길 120-14,041-357-5064,동치미냉면
당진,본가 건하은칼국수,당진시 먹거리길 120-28,041-358-6263,칼국수
당진,금상첨화,당진시 먹거리길 22-7,041-358-3390,삼겹살
당진,태봉면옥,당진시 먹거리길 9-3,041-356-7181,한우생고기
당진,옛날우렁이식당3호점,당진시 무수동1길 25-13,041-358-0868,우렁이쌈밥
당진,향아식당,당진시 무수동2길 30,041-356-1282,한우생고기
당진,신벌떼해장국,당진시 무수동7길 123,041-355-3282,해장국
당진,이화곱창,당진시 무수동7길 216-11,041-356-5553,곱창전골
당진,다오리,당진시 무수동7길 216-13,041-352-5233,오리요리
당진,박가부대찌개,당진시 무수동로 129,041-358-7743,부대찌개
당진,한우마을,당진시 무수동로 174,041-353-7070,한우생고기
당진,하나비,당진시 무수동로 246,041-358-0078,활어회
당진,예원,당진시 무수동안길 12,041-358-3352,돼지갈비
당진,옹기촌,당진시 무수동안길 13,041-355-3027,쌈밥정식
당진,장충동왕족발,당진시 무수동옛길 84,041-357-3300,족발
당진,청하본점,당진시 반촌로 22,041-358-7005,생고기
당진,도원,당진시 반촌로 22,041-356-6992,중화요리
당진,웰빙해초쌈.우미,당진시 반촌로 27-17,041-354-2203,활어회
당진,향촌,당진시 반촌로 27-44,041-356-9947,돼지갈비
당진,밀사랑해물손칼국수,당진시 밤절로 42-77,041-355-9333,칼국수
당진,당진제일꽃게장,당진시 백암로 246,041-353-6379,간장게장백반
당진,고래면옥,당진시 북문길 1-18,041-357-6082,냉면.돼지갈비
당진,용인토종순대국,당진시 서부로 51,041-353-0080,순대국밥
당진,장수옥설렁탕,당진시 서해로 6298-1,041-358-7892,설렁탕
당진,거북이횟집,당진시 석문면 석문해안로 19-22,041-353-0765,활어회
당진,왜목회타운,당진시 석문면 왜목길 26,041-352-9661,활어회
당진,태공수산,당진시 석문면 왜목길 35,041-353-6545,"우럭회,간재미무침"
당진,해안선,당진시 석문면 장고항로 298-2,041-353-6757,"활어회,실치회"
당진,등대횟집,당진시 석문면 장고항로 301,041-353-0261,활어회
당진,대송회관,당진시 석문면 장고항로 320,041-352-3886,활어회
당진,황성한우장터,당진시 송산면 송산로 911,041-352-7458,"생고기,갈비탕"
당진,도드람숯불갈비,당진시 송산면 송산로 913,041-358-0071,돼지갈비
당진,남가네설악추어탕한모둠순대국,당진시 송악읍 부곡공단2길 4,041-358-2292,추어탕
당진,나주곰탕,당진시 송악읍 북부산업로 1038,041-357-7782,곰탕
당진,장어가,당진시 송악읍 송악로 184,041-352-4846,장어구이
당진,오줌장군,당진시 송악읍 신복운로2길 22,041-358-9233,생삼겹살
당진,춘방설렁탕갈비탕,당진시 송악읍 신복운로4길 17,041-358-3822,설렁탕
당진,신대장금,당진시 송악읍 신복운로4길 8,041-356-5646,닭백숙
당진,고조선,당진시 송악읍 중흥새마을길 4,041-357-6692,돼지갈비
당진,김영희강남동태찜,당진시 송악읍 틀모시로 784,041-353-4566,동태탕
당진,동우회 회관,당진시 송악읍 한진포구길 24-3,041-356-1889,활어회
당진,한나루갈비,당진시 송악읍 한진포구길 39-10,041-358-3380,소생고기
당진,팔각정횟집,당진시 송악읍 한진포구길 55-11,041-357-8764,활어회
당진,한나루,당진시 송악읍 한진포구길 59,041-356-1969,활어회
당진,솔밭가든,당진시 순성면 순성로 599-5,041-355-5400,돼지갈비
당진,한솔정,당진시 신평면 거산3거리길 85-1,041-363-2121,돼지갈비
당진,소나무가든,당진시 신평면 매산해변길 10,041-363-2228,돼지갈비
당진,대아우렁이식당,당진시 신평면 서해로 7437,041-362-6544,우렁쌈밥
당진,우렁이박사,당진시 신평면 서해로 7439,041-362-9554,우렁쌈밥
당진,명성생고기나라,당진시 신평면 세정길 10,041-363-4562,소생고기
당진,쇠내골,당진시 신평면 신평길 93-27,041-363-5985,돼지갈비
당진,소우리생고기숯불굼터,당진시 신평면 신평로 812-28,041-362-7946,소생고기
당진,내고향냉면갈비전문,당진시 신평면 신평시장2길 12,041-363-0026,냉면.돼지갈비
당진,뚝방,당진시 어디실길 41-22,041-355-4188,메기탕
당진,우리매운곰탕,당진시 역천로 689,041-358-9805,곰탕
당진,오리박사,당진시 역천로 849-20,041-352-9252,오리요리
당진,푸른초장,당진시 우강면 면천로 1681,041-363-4023,오리요리
당진,천석회관,당진시 우강면 평양1로 743,041-362-3008,닭백숙
당진,원당가든,당진시 원당로 1,041-355-3715,돼지갈비
당진,해저도시,당진시 원당로 163,041-358-9790,대게
당진,중원,당진시 원당로 32,041-355-5577,중화요리
당진,원당본토갈비,당진시 원당로 80,041-357-9333,돼지갈비
당진,용궁,당진시 정미면 산동로 371-9,041-355-7222,백숙
당진,홍서방칼국수,당진시 천변1길 224-14,041-355-5881,칼국수
당진,털보횟집1호점,당진시 천변2길 109,041-352-9577,활어회
당진,합덕동천홍,당진시 합덕읍 남부로 1875,041-362-3373,중화요리
당진,홍주식당,당진시 합덕읍 덕평로 540,041-362-0283,한우생고기
당진,동해숯불갈비,당진시 합덕읍 버그내1길 198,041-363-2753,돼지갈비
당진,길손가든,당진시 합덕읍 예덕로 187,041-362-5686,오리정식
당진,국제가든,당진시 합덕읍 조정이2길 55,041-362-2496,붕어찜
당진,충남식당,당진시 합덕읍 중동길 33,041-362-2613,곱창전골
당진,전대가감자탕,당진시 합덕읍 중동길 35-1,041-362-3505,감자탕
당진,은미식당,당진시 합덕읍 중동길48-3,041-362-3565,백숙
당진,백송숯불갈비,당진시 합덕읍 합우로 175-5,041-363-7277,돼지갈비
금산,강변가든,금산군 제원면 용화로 10,041-752-7760,"인삼어죽,민물매운탕"
금산,도솔원,금산군 복수면 다복로 28,041-752-8037,오리인삼주물럭
금산,금정가든,금산군 금산읍 상리 48-1,041-753-1234,"김치갈비,삼겹살"
금산,인삼골식당,금산군 제원면 금강로 290,041-752-7516,"인삼어죽,민물매운탕"
금산,복수할매한우,금산군 복수면 복수로 458,041-753-3625,쇠고기구이
금산,가화정,금산군 복수면 복수로 781,041-753-1321,쇠고기등심
금산,골목추어탕,금산군 추부면 상마전길 15-3,041-752-5318,추어탕
금산,시탕뿌리,금산군 제원면 용화로 238-5,041-751-1456,"인삼어죽,민물매운탕"
금산,금산원조김정이삼계탕,금산군 금산읍 인삼약초로 33,041-752-2678,"삼계탕,전복삼계탕"
금산,복수청정한우,금산군 복수면 참물내기길 20,041-751-2403,쇠고기특수부위
금산,전주돌솥밥,금산군 금산읍 후곤천길 70,041-754-1351,"돌솥밥,냉면"
금산,금산송어횟집,금산군 진산면 휴양림로 2168,041-752-8060,송어회
금산,미각,금산군 금산읍 비선길 37-12,041-752-1636,"오리한방백숙,돌솥밥,야생버섯찌게"
금산,남경가든,금산군 금산읍 인삼약초1길5-3,041-754-1133,수입쇠고기
금산,적벽강가든,금산군 부리면 적벽강로 774,041-753-3595,"인삼어죽,민물매운탕"
금산,칠보네집,금산군 금산읍 비단로 184,041-751-1876,생삼겹살
금산,나리네농장가든,금산군 복수면 금바위길 12,041-753-6990,꿩7가지음식
금산,지경수가든,금산군 추부면 지경수길 6,041-753-7890,토종돼지생고기
금산,봉선양념구이,금산군 금산읍 비호로 99,041-754-9209,"삼겹살,목살"
금산,명가,금산군 금산읍 뒷담말길 30-1,041-751-1820,"손칼국수,수육"
금산,한양식당,금산군 금산읍 후곤천길 93,041-754-6464,"추어탕,생삼겹살"
금산,남촌가든,금산군 제원면 낙안길34-5,041-754-0878,인삼어죽
금산,꽃님이가든,금산군 진산면 태고사로 360,041-751-4948,"추어탕,오리불고기"
금산,잔치타운,금산군 금산읍 비호로89-6,041-751-0445,약초쌈밥
금산,맛깔인삼요리전문점,금산군 금산읍 비단로 172,041-753-5353,인삼복찜
금산,너구리의피난처,금산군 금성면 적우실길 28,041-753-3290,해물수제비
금산,마달피가든,금산군 제원면 용화로 272,041-754-7123,"인삼어죽,민물매운탕"
금산,먹세나,금산군 금성면 무금로 2527,041-751-0909,유황오리옻백숙
금산,아구산성,금산군 금산읍 군청4길 34,041-751-4979,"아구찜,탕"
금산,아우네부대찌개,금산군 금산읍 금산로 1502,041-751-2002,부대찌게
금산,삼원가든,금산군 남일면 무금로 2085,041-754-3121,한정식
금산,풍천민물장어,금산군 복수면 복수로 659,041-753-7027,민물장어
금산,인삼장어백탄구이,금산군 금산읍 군청3길 7,041-751-0323,"민물장어,갈치조림(돌솥밥포함)"
금산,한솔가든,금산군 금산읍 삼풍로 152,041-753-4132,버섯찌게
금산,가든수목정,금산군 진산면 휴양림로 2198,041-752-1190,"닭백숙,빠가매운탕"
금산,머들령,금산군 추부면 검한1길 156,041-751-7712,삼겹살
금산,인삼고을,금산군 금산읍 남사직길 39,041-753-2059,"한우,염소전골,갈비된장전골"
금산,박가네집,금산군 금산읍 남사직6길 33,041-753-8033,"한우구이,한우사골뼈설렁탕"
금산,황토집사람들,금산군 진산면 태고사로 444,041-752-4110,청국장
금산,대둔산주원명가,금산군 진산면 태고사로 468,041-751-9732,오리코스요리
금산,황금오리알,금산군 추부면 다복로 696,041-752-0114,"오리주물럭,오리한방백숙"
금산,성덕장수촌,금산군 금산읍 삼풍로 163,041-753-2900,오리한방백숙
금산,쌈밥오리,금산군 추부면 하마전로 72,041-753-9288,오리쌈밥
부여,백제의집,부여군 부여읍 흑천로8번길 22,041-834-1212,"연밥,쌈밥"
부여,나루터식당,부여군 부여읍 나루터로 37,041-835-3155,"나루터정식,장어구이"
부여,장어촌,부여군 부여읍 궁남로 6-1,041-834-6614,장어구이
부여,오대양회집,부여군 부여읍 의열로 3,041-835-2827,"활어회,알탕"
부여,어랑어랑,부여군 부여읍 성왕로 250-1,041-836-1533,생대구지리탕
부여,조선왕갈비,부여군 부여읍 나루터로 19,041-836-4433,"조선왕갈비,고추장삼겹살"
부여,아우네순대,부여군 부여읍 부여로 6-14,041-834-3939,"순대국밥,순대철판"
부여,터전,부여군 규암면 흥수로 771,041-834-7794,"오리주물럭,청돼지"
부여,서동한우,부여군 부여읍 성왕로 256,041-832-7585,"한우특수부위모둠,서동탕"
부여,풍년가든,부여군 임천면 충절로1535번길 24-10,041-833-8719,"오리생구이,오리주물럭"
부여,백제가든,부여군 부여읍 가증남로 99,041-836-0306,"생갈비,한우등심"
부여,황토정,부여군 규암면 백제문로 30,041-834-6263,"연갈비정식,특선모듬"
부여,구드래돌쌈밥,부여군 부여읍 나루터로 31,041-836-9259,쌈밥
부여,쭈앤 샤브샤브,부여군 부여읍 계백로 405,041-837-0081,"웰빙쭈꾸미,월남쌈샤브샤브"
부여,인동초회관,부여군 부여읍 동남리191번지2호,041-836-0096,"곱창전골,연잎밥"
부여,외산가든,부여군 외산면 외산로 11,041-836-0950,"삼겹살,육개장"
부여,부여관광회관,부여군 부여읍 백제문화로 33,041-835-1173,"버섯전골,불고기백반"
부여,완도수산 야채 막회,부여군 부여읍 성왕로273번길 46,041-834-0666,"야채막회(대),광어,우럭"
부여,남태평양회타운,부여군 부여읍 성왕로 160-38,041-836-7221,활어회
부여,백제고을누룽지백숙,부여군 부여읍 정림로 96,041-835-8353,누룽지백숙
부여,그집에가면,부여군 부여읍 금성로 39,041-834-0347,"비빔밥,보리밥"
부여,진미칡냉면,부여군 부여읍 나루터로 6,041-837-0558,"냉면,국밥"
부여,솔내음레스토랑,부여군 부여읍 나루터로 39,041-836-0116,솔내음연잎떡갈비정식
부여,석담아구,부여군 부여읍 사비로71번길 7,041-837-2525,"갈산복탕,꽃게장정식"
부여,대덕숯불갈비,부여군 홍산면 홍산로 37,041-835-0090,"돼지갈비,삼겹살"
부여,부여한우곱창,부여군 부여읍 부여로 6-8,041-834-4041,"곱창구이,곱창전골"
부여,신마산아구,부여군 부여읍 계백로 289-11,041-835-5800,"아구찜,뽈탕"
부여,사비아구,부여군 부여읍 부소로 6,041-835-0025,"아구찜,탕,해장국"
부여,바다여행,부여군 부여읍 동남리677번지6호,041-832-8216,활어회
부여,OK샤브칼국수,부여군 부여읍 성왕로 284-1,041-837-4949,"샤브칼국수,매생이칼국수"
부여,동아리 동태찜 탕,부여군 부여읍 사비로15번길 13,041-837-0700,"동태전골,동태탕"
부여,향우정,부여군 부여읍 나루터로 33,041-835-0085,"불고기정식,갈비찜정식,연잎쌈밥"
부여,신포우리만두,부여군 부여읍 중앙로5번길 7-1,041-836-7501,"쫄면,비빔만두"
부여,(주)하늘채,부여군 부여읍 계백로 397,041-834-2227,연잎밥정식
부여,청사뜰,부여군 부여읍 서동로37번길 30,041-834-1281,"코다리찜,대구탕"
부여,영일촌,부여군 부여읍 성왕로 287,041-833-3399,"옻닭,옻오리"
부여,사또국밥,부여군 부여읍 의열로 33,041-836-6800,"사또국밥,도가니탕"
부여,클럽하우스 1호점,부여군 은산면 충절로 3734-82,041-830-0700,"우거지갈비탕,올갱이아욱국"
부여,해오름가든,부여군 외산면 만수리19-47번지,041-836-4550,"청국장,삼겹살"
부여,회림참치,부여군 부여읍 흑천로8번길 15-5,041-832-7676,"참치회,광어"
부여,준 버섯 샤브샤브,부여군 부여읍 쌍북리601번지4호,041-837-9339,버섯샤브샤브
부여,나경버섯농가,부여군 석성면 비당리817번지외5필지,041-836-0039,"버섯전골,버섯비빔밥"
부여,상운반점,부여군 부여읍 동남리705번지,041-833-0027,"쟁반짜장,짬뽕"
부여,이 민물장어 하우스,부여군 규암면 백제문로304번길 59-2,041-833-3900,"보양식민물장어탕,장어구이"
서천,이화가든,서천군 마서면 금강로 1145-17,041-956-2501,"민물매운탕,붕어찜"
서천,강변횟집,서천군 마서면 장산로 714,041-956-8874,"생선회,생선탕"
서천,장항횟집,서천군 마서면 장산로 716,041-956-3034,"생선회,생선탕"
서천,불꽃,서천군 마서면 장산로 811-1,041-956-5557,양념돼지갈비
서천,하구뚝해물칼국수,서천군 마서면 장산로 849-1,041-956-3366,"칼국수,왕만두"
서천,덕수궁해물칼국수,서천군 마서면 장산로855번길 5,041-956-7066,해물칼국수
서천,채선정,서천군 마서면 장서로 532,010-4355-777,부페
서천,청송회관,서천군 비인면 비인로 145,041-952-3355,"백반,돼지고기"
서천,남강,서천군 서면 공암남촌길 145,041-951-8210,"주꾸미요리,국밥"
서천,보라가든,서천군 서면 부사로 238,041-952-2616,"장어구이,생선탕"
서천,아침햇살,서천군 서면 부사로 275,041-952-3948,"생선회,꽃게장백반"
서천,장벌설농탕,서천군 서면 서인로 699,041-952-8993,"설농탕,백반"
서천,서천서해안횟집,서천군 서면 서인로 93,041-952-3177,"생선회,생선탕"
서천,바닷가횟집,서천군 서면 춘장대로151번길 35,041-953-7000,"생선회,생선탕"
서천,황금어장횟집,서천군 서면 춘장대로151번길 55,041-952-9399,"생선회,생선탕"
서천,고궁,서천군 서천읍 군청로 7,041-952-0050,"갈비탕,찜"
서천,육육구이,서천군 서천읍 사곡로28번길 3,041-952-6692,"영양밥,궁중비빔밥"
서천,남경가든,서천군 서천읍 서문로 101,041-953-7612,녹두삼계탕
서천,롯데부페,서천군 서천읍 서문로5번길 5,041-952-8778,한식부페
서천,박대감,서천군 서천읍 서천로 144-9,041-952-8989,"돼지고기,쇠고기"
서천,소가보이는들녘,서천군 서천읍 서천로 152,041-952-8887,"한우구이,삼겹살"
서천,구미가,서천군 서천읍 서천로232번길 9,041-953-0005,"오리구이,닭백숙"
서천,이화갈비,"서천군 서천읍 송신로 13-20, 동 층",041-952-8579,"돼지고기,쇠고기"
서천,기억속에보리밥,서천군 서천읍 충절로 73,041-953-5172,"보리밥,훈제오리"
서천,서천아구탕,서천군 서천읍 충절로109번길 28,041-953-4391,"아구탕,아구찜"
서천,서천한우타운,서천군 서천읍 충절로41번길 11-15,041-953-3377,"돼지고기,쇠고기"
서천,갯바우회집,서천군 서천읍 충절로59번길 18,041-953-8348,"생선회,생선탕"
서천,코너분식,서천군 서천읍 충절로59번길 21-10,041-951-7794,해물칼국수
서천,큰집감자탕,서천군 서천읍 충절로59번길 31-11,041-952-5386,감자탕
서천,서래야건강밥상,서천군 서천읍 충절로81번길 7,041-953-3788,"생선탕,백반"
서천,바다회집,서천군 장항읍 장산로 609,041-956-7932,"생선회,생선탕"
서천,자연횟집,서천군 장항읍 장산로 622-11,041-957-0019,"생선회,생선탕"
서천,일송,서천군 장항읍 장산로 626,041-956-5733,"생선회,생선탕"
서천,수라원,서천군 장항읍 장산로 641-9,041-956-6250,한우구이
서천,우리식당,서천군 장항읍 장서로29번길 42,041-957-0465,"아구탕,아구찜"
서천,할매온정집,서천군 장항읍 장서로47번길 20,041-956-4860,"아구탕,아구찜"
서천,서해안해물,서천군 장항읍 장서로47번길 21,041-956-7500,해물탕
서천,황궁,서천군 장항읍 장항로161번길 22,041-956-1315,짬뽕
청양,까치네흥부가든,청양군 대치면 사수터길 115-8,041-943-1640,참게매운탕
청양,황소집,청양군 대치면 장곡길 83,041-943-7728,옻닭
청양,양명식당,청양군 비봉면 충절로 1991,041-943-6881,아욱된장국
청양,작은농원,청양군 비봉면 중묵운곡로 51-60,041-943-3760,옻닭
청양,함지박식당,청양군 청양읍 중앙로 238,041-943-3177,오리주물럭
청양,다미,청양군 청양읍 칠갑산로 156,041-942-7500,한우불고기
청양,별장가든,청양군 청양읍 충절로 1494,041-942-3312,한정식
청양,산골짜기,청양군 대치면 장곡길 143-54,041-942-2900,버섯전골
청양,청양임꺽정,청양군 청양읍 고리섬들길 71,041-943-0101,한우고기
청양,우성산회관,청양군 청양읍 칠갑산로8길 9,041-944-1222,돌솥정식
청양,칠갑산골,청양군 대치면 장곡길 147,041-942-7211,한정식
청양,다래정회관,청양군 청양읍 중앙로11길 4-1,041-943-9999,돼지갈비
청양,칠갑산맛집,청양군 대치면 장곡길 119-39,041-943-5912,산채비빔밥
청양,오미식당,청양군 청양읍 중앙로9길 4,041-943-2325,순두부찌개
청양,한우명가어울림,청양군 청양읍 칠갑산로8길 13,041-942-1592,한우고기
청양,가마솥회관,청양군 청양읍 중앙로11길 19,041-942-9829,장어구이
청양,까치네둥지가든,청양군 장평면 사수터길 5-47,041-943-0008,참게장백반
청양,아니골가든,청양군 대치면 장곡길 72-22,041-943-6766,옻닭
청양,칠갑산마루쌈밥정식,청양군 청양읍 고리섬들길 73,041-943-8585,돌솥쌈밥정식
청양,칠갑산청정한우타운,청양군 비봉면 록평용당로 775-1,041-942-5681,한우고기
청양,해오름,청양군 청양읍 칠갑산로 59-6,041-943-1292,돼지갈비
홍성,한올채,홍성군 금마면 광금북로 419,041-634-6292,오리백숙
홍성,한우本,홍성군 홍성읍 문화로 72번길 29,041-634-2292,한정식
홍성,케이알산업(상)홍성휴게소,홍성군 은하면 금국리 292-4,041-642-1172,"한식,면류"
홍성,코리아식당,홍성군 홍성읍 홍성천길 136,041-631-7600,해물매운탕
홍성,대왕식당,홍성군 광천읍 광천로 329번길 54,041-641-3505,돼지갈비
홍성,다다횟집,홍성군 홍성읍 조양로 131,041-632-2346,생선회
홍성,로얄회관,홍성군 홍성읍 충서로 1417-9,041-634-4051,한정식
홍성,예당큰집,홍성군 장곡면 무한대로 957-18,041-642-3833,한정식
홍성,함흥냉면,홍성군 홍성읍 오관리 140-4,041-632-4760,"냉면,갈비"
홍성,케이알산업(하)홍성휴게소,홍성군 은하면 금국리 292-3,041-642-1151,한식면류
홍성,신만횟집,홍성군 서부면 남당항로 213번길,041-634-6457,생선회
홍성,미당한우,홍성군 홍성읍 홍덕서로 193,041-632-2001,한우생갈비
홍성,삼삼복집,홍성군 갈산면 갈산로 114번길 7-3,041-633-2145,복어
홍성,마온월드타운,홍성군 구항면 충서로 1067-3,041-634-5580,"한식,부페"
홍성,삼거리갈비,홍성군 홍성읍 월계천길 238,041-632-2681,한우생갈비
홍성,마을촌,홍성군 홍성읍 월산1길 39-7,041-632-2516,닭갈비
홍성,신토불이,홍성군 홍성읍 충절로 873번길 8,041-631-0507,오리정식
홍성,돌산가든,홍성군 홍북면 용봉산2길 37,041-634-8500,한정식
홍성,산울림,홍성군 홍북면 이응노로 255,041-633-9601,두부전골
홍성,원조갈비,홍성군 홍성읍 홍성천길 194,041-633-5103,돼지갈비
홍성,훼미리,홍성군 홍성읍 아문길 59,041-632-5103,경양식
홍성,송정일식,홍성군 홍성읍 홍덕서로 24-20,041-631-6944,생선회
홍성,웰빙매운해물손칼국수,홍성군 홍북면 용봉산 1길 2,041-631-4437,해물칼국수
홍성,내포갈비,홍성군 홍성읍 월산1길 41,041-632-1144,"갈비,삼겹"
홍성,사슴가든홍성한우갈비,홍성군 홍성읍 월계2길 3,041-634-0114,한우생갈비
홍성,쑥쑥식당,홍성군 홍성읍 월산로 34,041-631-0706,한식백반
홍성,금호가든,홍성군 홍성읍 도청대로 96번길 62,041-632-2690,삼계탕
홍성,대봉,홍성군 홍성읍 내포로 66,041-632-5868,한정식
홍성,청하수산,홍성군 광천읍 광천로 195,041-641-2535,생선회
홍성,광명식당,홍성군 홍성읍 월산로 30번길 2-4,041-634-6932,한식
홍성,설악칡냉면,홍성군 홍성읍 월산로 38,041-633-5528,냉면
홍성,조가네진지상,홍성군 홍성읍 내포로 88-1,041-631-0511,한정식
홍성,경성회관,홍성군 홍성읍 문화로 112-10,041-633-5949,한정식
홍성,어울림홍성한우전문점,홍성군 홍성읍 충서로 1294,041-633-0808,한우갈비
홍성,아람,홍성군 광천읍 광천로 297,041-641-1507,한정식
홍성,장충동왕족발보쌈,홍성군 홍성읍 홍성천길 310,041-633-3300,족발
홍성,중화식당,홍성군 갈산면 상촌리 240,041-633-2012,면류
홍성,용궁회관,홍성군 홍성읍 월산로 36,041-631-5607,"민물매운탕,삼계탕"
홍성,김가네볼태기,홍성군 갈산면 갈산로 118,041-631-7117,"대구탕,대구찜"
홍성,소정곱창,홍성군 홍성읍 월산1길 43,041-634-7783,곱창전골
홍성,태평식당,홍성군 홍성읍 오관리 122-1,041-631-1999,"삼계탕, 굴밥"
홍성,삼정숯불갈비,홍성군 광천읍 광천리 6-8,041-641-1641,돼지갈비
홍성,군산아구전문점,홍성군 홍성읍 의사로 72번길 30-15,041-633-5950,아구찜
홍성,갯마을횟집,홍성군 서부면 남당항로 868,041-631-3969,생선회
홍성,삼다리곱창,홍성군 홍성읍 도청대로 6,041-634-0362,곱창전골
홍성,등나무,홍성군 홍성읍 법원1길 22,041-631-3399,"갈비,삼겹"
홍성,홍성숯불갈비냉면,홍성군 홍성읍 홍성천길 114,041-631-7555,돼지갈비
홍성,대왕갈비,홍성군 홍성읍 조양로 151번길 27,041-632-1124,돼지갈비
홍성,조양아구찜,홍성군 홍성읍 조양로 75번길 68,041-632-6686,아구찜
홍성,엘림가든,홍성군 홍성읍 백월로 117번길 20-68,041-633-6301,닭백숙
홍성,대어횟집,홍성군 홍성읍 의사로 64번길 10,041-634-2990,생선회
홍성,밀촌홍두깨칼국수,홍성군 홍성읍 내포로 222,041-633-8882,해물칼국수
예산,아리장가든,예산군 예산읍 아리랑로 155-5,041-335-5295,한정식
예산,삼우갈비,예산군 예산읍 임성로 23번길 8,041-333-6230,소갈비
예산,자금성,예산군 예산읍 관양산길 24-31,041-333-1919,자장면
예산,천우장식당,예산군 예산읍 산성금오실길 12,041-335-2077,한정식
예산,광장식당,예산군 예산읍 역전로 140번길 14-2,041-332-3627,한정식
예산,신창집,예산군 삽교읍 삽교로 4길 7-9,041-338-2357,곱창전골
예산,양어장가든,예산군 대흥면 신속대야로 32,041-335-4853,메기매운탕
예산,금강장어구이,예산군 오가면 오가중앙로 125,041-335-2731,장어구이
예산,수목가든,예산군 고덕면 황금뜰로 187,041-338-4489,돼지갈비
예산,덕산복집,예산군 덕산면 읍내북문길20,041-338-4033,복어탕
예산,연포가든,예산군 예산군 덕산면 덕산온천로405-49,041-337-0324,낙지전골
예산,별미식당,예산군 덕산면 수덕사안길 33-4,041-337-6363,산채정식
예산,수덕골미락식당,예산군 덕산면 수덕사안길 42-1,041-337-0606,산채정식
예산,뜨끈이식당,예산군 덕산면 덕산온천로 331-6,041-338-3993,해장국
예산,한가람한식당,예산군 삽교읍 수암산로 210,041-338-9090,한식부페
예산,돌고래회관,예산군 응봉면 예당관광로 180,041-332-2540,붕어찜
예산,삽다리칼국수,예산군 삽교읍 충의로 672,041-337-3135,칼국수
예산,꿈꾸는나무,예산군 덕산면 대치4길 22,041-338-7771,돈가스
예산,청수가든,예산군 고덕면 고덕중앙로45-9,041-337-3682,오리주물럭
예산,동흥루,예산군 예산읍 예산로 220-1,041-331-2812,자장면
예산,수석아구,예산군 예산읍 역전로 140번길 9,041-334-5855,아구찜
예산,박속황태칼국수,예산군 응봉면 충서로 245,041-331-0633,황태칼국수
예산,오복식당,예산군 덕산면 수덕사안길 33-4,041-337-6110,산채정식
예산,우리식당,예산군 덕산면 수덕사안길 36,041-337-6031,산채정식
예산,길손식당,예산군 덕산면 수덕사안길 36,041-337-6045,산채정식
예산,버들식당,예산군 덕산면 수덕사안길 37,041-337-4337,산채정식
예산,그때그집,예산군 덕산면 수덕사안길 8-26,041-337-6633,산채정식
예산,신분준할머니기러기칼국수,예산군 오가면 윤봉길로 1854,041-333-3331,기러기탕백숙
예산,예산갈비,예산군 예산읍 교남길 55-1,041-332-2891,생갈비
예산,중앙산채명가식당,예산군 덕산면 수덕사안길 42-1,041-337-6677,산채정식
예산,수덕사고개식당,예산군 덕산면 수덕사로 976,041-337-5592,산채정식
예산,두멍,예산군 덕산면 광천 홍암길 83-5,041-337-8967,오리훈제
예산,수덕사도식후경,예산군 덕산면 수덕사안길 33-4,041-337-3330,산채정식
예산,민속촌,예산군 예산읍 수철길 199,041-334-5520,오향오리
예산,민물나라,예산군 응봉면 예당관광로 37,041-333-8485,어죽
예산,엘가in아라첼리,예산군 덕산면 광천홍암길 72,041-337-0789,스파게티
예산,초원갈비,예산군 예산읍 신례원로 217-2,041-334-8254,돼지갈비
예산,동경일식,예산군 덕산면 덕산온천로 324-9,041-338-3085,활어회
예산,태백산가든,예산군 대술면 충령사로 99,041-331-2500,소갈비
예산,산촌식당,예산군 덕산면 대학로6번길 3-32,041-337-7633,산채정식
예산,무릉도원,예산군 덕산면 수덕사안길 33-4,041-337-6026,산채정식
예산,산장궁식당,예산군 덕산면 수덕사안길 33-5,041-337-6039,산채정식
예산,수덕식당,예산군 덕산면 수덕사안길 33-5,041-337-6019,산채정식
예산,양어장집(예산점),예산군 예산읍 벚꽃로 100,041-331-7200,메기매운탕
예산,당진식당,예산군 예산읍 임성로 15번길 9,041-335-4624,삼겹살
예산,털보신흥식당,예산군 광시면 예당로 151-5,041-333-8925,소갈비
예산,블랙스톤앤의좋은오리,예산군 대흥면 예당로 816,041-332-0726,"돈까스, 오리"
예산,면천추어탕,예산군 덕산면 온천단지2로 125,041-337-5959,추어탕
예산,고구려한우,예산군 신암면 조곡남로 69,041-332-6354,한우생고기
예산,예산(대전방향)휴게소한식당,예산군 신양면 당진영덕고,041-334-0094,백반
예산,예산(당진방향)휴게소한식당,예산군 신양면 당진영덕고,041-335-0076,백반
예산,성일산채,예산군 덕산면 수덕사로 1121,041-337-9011,산채정식
예산,거북이식당,예산군 덕산면 수덕사안길 37-1,041-337-0503,산채정식
예산,월정,예산군 삽교읍 효림농석길 242,041-338-1120,한정식
예산,조양한우타운,예산군 예산읍 마상길 9,041-331-3500,한우생고기
예산,외갓집외숙모,예산군 예산읍 예산로 229,041-334-6733,생선조림
예산,매일한우타운,예산군 광시면 예당로 155,041-333-2604,한우생고기
예산,더센트럴 웨딩,예산군 예산읍 예산로 320,041-331-3000,부페
예산,양지한우암소정육,예산군 광시면 광시소길 11,041-333-1202,한우생고기
태안,한국관,태안군 태안읍 동문리446,041-675-2415,불고기
태안,원북박속낙지탕,태안군 원북면 반계리321,041-672-5017,박속낙지탕
태안,등대식관,태안군 태안읍 동문리312-5,041-674-4085,아구탕
태안,샘골가든,태안군 태안읍 동문리781,041-674-2742,돼지갈비
태안,유명해물나라,태안군 태안읍 동문리 339-1,041-674-0222,해물탕
태안,대륙봉횟집,태안군 안면읍 승언리339-171,041-673-4282,생선회
태안,흑도회관,태안군 소원면 모항리산36-2,041-672-5353,생선회
태안,인평장어메기집,태안군 태안읍 인평리324,041-674-4660,장어구이
태안,양반왕족발보쌈,태안군 태안읍 동문리264-7,041-675-8020,보쌈
태안,맷골식관,태안군 남면원 청리205-2,041-674-7474,된장찌개
태안,영일식관,태안군 이원면 포지리136,041-672-8016,설렁탕
태안,어흥회관,태안군 안면읍 창기리1265-64,041-673-5403,꽃게탕
태안,샤브향고기킹태안점,태안군 태안읍 남문리 703-2,041-672-0202,월남쌈
태안,초가,태안군 남면 진산리산18-2,041-672-0104,손두부
태안,항아리칼국수,태안군 태안읍 동문리881-5,041-675-1813,해물칼국수
태안,온양하우스,태안군 태안읍 동문리880-7,041-672-0016,돼지갈비
태안,신토불이회수산,태안군 태안읍 동문리319-1,041-675-6363,생선회
태안,백경관,태안군 안면읍 승언리1290-38,041-673-7871,한정식
태안,승진수산횟집,태안군 안면읍 승언리 1329-1,041-673-3378,생선회
태안,몽산포횟집,"태안군 남면 몽산리685-36,37",041-672-7141,생선회
태안,이원식당,"태안군 이원면 포지리82-2,83-2",041-672-8024,박속낙지탕
태안,백화산가든,태안군 태안읍 평천리679-1,041-674-7495,한식뷔페
태안,한아구,태안군 태안읍 동문리339-15,041-674-3800,아구찜
태안,딴뚝통나무집,태안군 안면읍 승언리60-42,041-673-1645,오리탕
태안,푸른바다횟집,태안군 안면읍 승언리1331-1,041-673-9200,생선회
태안,먹거리수산,태안군 남면몽 산리686-22,041-672-2462,생선회
태안,토담집,태안군 태안읍 남문리468-6,041-674-4561,간장게장
태안,돼지촌,태안군 태안읍 남문리690-7,041-673-2948,삼겹살
태안,태안시골장터,태안군 태안읍 남문리722-3,041-674-5034,순대국밥
태안,이조원,태안군 안면읍 창기리1262-203,041-674-3009,꽃게탕
태안,서울회센타,태안군 근흥면 정죽리1268-1,041-675-4662,생선회
태안,서해바다,태안군 소원면 모항리4B4L,041-672-8899,생선회
태안,파파스피자,태안군 태안읍 남문리700-8,041-672-9981,피자
태안,가보,태안군 태안읍 남문리721-18,041-672-2600,중국요리정식
태안,다미횟집,태안군 안면읍 승언리1314,041-673-1124,생선회
태안,신천일회관,태안군 근흥면 정죽리1243-7,041-674-8486,주꾸미철판구이
태안,선원회관,태안군 근흥면 신진도리522-16,041-674-9770,한식
태안,명성가든,태안군 안면읍 승언리 775-3,041-674-3055,한식
태안,황소왕갈비,태안군 안면읍 승언리968-2,041-673-4130,한우갈비
태안,함바위굴밥,태안군 남면 당암리1-48,041-674-0567,굴밥
태안,학암식관,태안군 태안읍 동문리 275-3,041-674-2869,삼계탕
태안,셀링피자전문,태안군 태안읍 동문리 885-8,041-674-4465,피자
태안,산장식당,태안군 태안읍 상옥리 1156,041-675-2992,영양솔밥
태안,초록애,태안군 태안읍 동문리 808,041-672-5233,오리정식
태안,오리사냥,태안군 태안읍 동문리 331-8,041-672-5292,오리구이
태안,통나무집사람들,태안군 원북면 양산리 200-6,041-672-1600,돈까스
태안,수라정꽃게집,태안군 안면읍 승언리 1280-2,041-674-3311,간장게장
태안,설악식관,태안군 태안읍 남문리 461-2,041-673-1853,한식
태안,국일대반점,태안군 태안읍 남문리 204-1,041-674-1137,중국요리정식
태안,남문정,태안군 태안읍 남문리 679-20,041-675-5321,한정식
태안,등대횟집,태안군 근흥면 신진도리 524-5,041-675-7557,생선회
태안,육미향,태안군 태안읍 남문리 704-9,041-675-8242,한우갈비
태안,운영수산회센타,태안군 이원면 내리 39-2,041-675-3048,생선회
태안,풍년수산회센타,태안군 안면읍 승언리 1331-34,041-674-4254,생선회
태안,정일품,태안군 태안읍 동문리 886-8,041-674-0505,한우갈비
태안,솔밭가든,태안군 안면읍 장터로 176-5,041-673-2034,한식
태안,대가,태안군 태안읍 송암로 578-60,041-675-6070,한우갈비
태안,대궐,태안군 안면읍 응지마을길 2-1,041-674-7677,한우갈비
태안,봉쥬르,태안군 군청8길 19,041-672-7040,돈까스
